{"baseList": [53.82997970148284], "sholderList": [116.31919188895012], "elbowList": [110.36910592529786], "wristRList": [0], "wristUList": [84.05], "gripperList": [150]}